order,image_filename,caption
1,img_01.png,Guru 1 — Name (Dates)
2,img_02.png,Guru 2 — Name (Dates)
3,img_03.png,Guru 3 — Name (Dates)
4,img_04.png,Guru 4 — Name (Dates)
5,img_05.png,Guru 5 — Name (Dates)
6,img_06.png,Guru 6 — Name (Dates)
7,img_07.png,Guru 7 — Name (Dates)
8,img_08.png,Guru 8 — Name (Dates)
9,img_09.png,Guru 9 — Name (Dates)
10,img_10.png,Guru 10 — Name (Dates)
11,img_11.png,Guru 11 — Name (Dates)
12,img_12.png,Guru 12 — Name (Dates)
13,img_13.png,Guru 13 — Name (Dates)
14,img_14.png,Guru 14 — Name (Dates)
15,img_15.png,Guru 15 — Name (Dates)
16,img_16.png,Guru 16 — Name (Dates)
17,img_17.png,Guru 17 — Name (Dates)
18,img_18.png,Guru 18 — Name (Dates)
19,img_19.png,Guru 19 — Name (Dates)
20,img_20.png,Guru 20 — Name (Dates)
21,img_21.png,Guru 21 — Name (Dates)
22,img_22.png,Guru 22 — Name (Dates)
23,img_23.png,Guru 23 — Name (Dates)
24,img_24.png,Guru 24 — Name (Dates)
25,img_25.png,Guru 25 — Name (Dates)
26,img_26.png,Guru 26 — Name (Dates)
27,img_27.png,Guru 27 — Name (Dates)
28,img_28.png,Guru 28 — Name (Dates)
29,img_29.png,Guru 29 — Name (Dates)
30,img_30.png,Guru 30 — Name (Dates)
31,img_31.png,Guru 31 — Name (Dates)
32,img_32.png,Guru 32 — Name (Dates)
33,img_33.png,Guru 33 — Name (Dates)
34,img_34.png,Guru 34 — Name (Dates)
35,img_35.png,Guru 35 — Name (Dates)
36,img_36.png,Guru 36 — Name (Dates)
